indice,nome,url_produto,url_imagem,arquivo_imagem
1,Caixa Plástica Fechada com Tampa 7 Litros - LAR Plásticos,https://www.larplasticos.com.br/produtos/Caixas-plasticas/caixa-plastica-fechada-com-tampa-lar-7L,https://i0.wp.com/www.larplasticos.com.br/wp-content/uploads/2018/02/Caixa-Plastica-Fechada-Preta-7L-Com-Tampa-Larplasticos.jpg?fit=480%2C480&ssl=1,imagens\Caixa-Plastica-Fechada-Preta-7L-Com-Tampa-Larplasticos.jpg
2,Caixa Plástica Fechada Sem Tampa 61 Litros - LAR Plásticos,https://www.larplasticos.com.br/produtos/Caixas-plasticas/caixa-plastica-fechada-sem-tampa-lar-61L,https://i0.wp.com/www.larplasticos.com.br/wp-content/uploads/2018/01/CAIXA-ORGANIZADORA-61L-2.png?fit=1000%2C1000&ssl=1,imagens\CAIXA-ORGANIZADORA-61L-2.png
3,Lixeira Com Pedal 100 Litros Lar Plásticos - Resistência e Durabilidade,https://www.larplasticos.com.br/produtos/Lixeiras-com-pedal/lixeiras-com-pedal-100L,https://i0.wp.com/www.larplasticos.com.br/wp-content/uploads/2017/07/Lixeira-com-pedal-100L.jpg?fit=480%2C480&ssl=1,imagens\Lixeira-com-pedal-100L.jpg
4,Lixeira Com Pedal 15 Litros Lar Plásticos - Mais resistência e qualidade,https://www.larplasticos.com.br/produtos/Lixeiras-com-pedal/lixeiras-com-pedal-15L,https://i0.wp.com/www.larplasticos.com.br/wp-content/uploads/2017/08/LP-15-LITROS-BR.png?fit=1000%2C1000&ssl=1,imagens\LP-15-LITROS-BR.png
5,Lixeira Com Pedal 25 Litros Lar Plásticos - Qualidade e Resitência,https://www.larplasticos.com.br/produtos/Lixeiras-com-pedal/lixeiras-com-pedal-25L,https://i0.wp.com/www.larplasticos.com.br/wp-content/uploads/2017/08/LP-25-LITROS-BR.png?fit=1000%2C1000&ssl=1,imagens\LP-25-LITROS-BR.png
6,Lixeira Com Pedal 50 Litros Lar Plásticas - Resistentes e Duráveis,https://www.larplasticos.com.br/produtos/Lixeiras-com-pedal/lixeiras-com-pedal-50L,https://i0.wp.com/www.larplasticos.com.br/wp-content/uploads/2017/08/LP-50-LITROS-BR.png?fit=1000%2C1000&ssl=1,imagens\LP-50-LITROS-BR.png
7,Lixeira Com Pedal e Rodas 100 Litros da Lar Plásticos,https://www.larplasticos.com.br/produtos/Lixeiras-com-pedal/lixeiras-com-pedal-e-rodas-100-Litros,https://i0.wp.com/www.larplasticos.com.br/wp-content/uploads/2019/07/Lixeira-com-pedal-e-rodas-100-Litros.jpg?fit=480%2C480&ssl=1,imagens\Lixeira-com-pedal-e-rodas-100-Litros.jpg
8,Bituqueira Plástica - LAR Plásticos – Qualidade que Transforma,https://www.larplasticos.com.br/produtos/bituqueira/bituqueira-plastica/,https://i0.wp.com/www.larplasticos.com.br/wp-content/uploads/2021/01/bituqueira-de-plastico.jpeg?fit=1000%2C1000&ssl=1,imagens\bituqueira-de-plastico.jpeg
9,LAR Plásticos – Qualidade que Transforma,https://www.larplasticos.com.br/produtos/caixas-plasticas/cadeira-de-plastico,https://www.larplasticos.com.br/wp-content/plugins/revslider/public/assets/assets/dummy.png,imagens\dummy.png
10,Caixa Container 372 Litros - LAR Plásticos – Qualidade que Transforma,https://www.larplasticos.com.br/produtos/caixas-plasticas/caixa-container-372l/,"data:image/svg+xml;base64,PHN2ZyB3aWR0aD0iMSIgaGVpZ2h0PSIxIiB4bWxucz0iaHR0cDovL3d3dy53My5vcmcvMjAwMC9zdmciPjwvc3ZnPg==",
11,Caixa Plástica 372 Litros - LAR Plásticos – Qualidade que Transforma,https://www.larplasticos.com.br/produtos/caixas-plasticas/caixa-container-372l/caixa-plastica-372-litros/,https://i0.wp.com/www.larplasticos.com.br/wp-content/uploads/2020/11/caixa-372-preta-com-tampa-1.jpg?fit=480%2C480&ssl=1,imagens\caixa-372-preta-com-tampa-1.jpg
12,Caixa Plástica 372L - Puxador Frontal - LAR Plásticos – Qualidade que Transforma,https://www.larplasticos.com.br/produtos/caixas-plasticas/caixa-container-372l/caixa-plastica-372l-puxador-frontal/,https://i0.wp.com/www.larplasticos.com.br/wp-content/uploads/2020/11/caixa-plastica-372-litros-com-puxador-frontal.jpg?fit=480%2C480&ssl=1,imagens\caixa-plastica-372-litros-com-puxador-frontal.jpg
13,Caixa Plástica 372L - Puxador Lateral - LAR Plásticos – Qualidade que Transforma,https://www.larplasticos.com.br/produtos/caixas-plasticas/caixa-container-372l/caixa-plastica-372l-puxador-lateral/,https://i0.wp.com/www.larplasticos.com.br/wp-content/uploads/2020/11/caixa-372-litros-puxador-lateral.jpg?fit=480%2C480&ssl=1,imagens\caixa-372-litros-puxador-lateral.jpg
14,Caixa Para Pescados - LAR Plásticos – Qualidade que Transforma,https://www.larplasticos.com.br/produtos/caixas-plasticas/caixa-para-pescados/,"data:image/svg+xml;base64,PHN2ZyB3aWR0aD0iMSIgaGVpZ2h0PSIxIiB4bWxucz0iaHR0cDovL3d3dy53My5vcmcvMjAwMC9zdmciPjwvc3ZnPg==",
15,Caixa Plástica Fechada com Tampa 15 Litros - LAR Plásticos,https://www.larplasticos.com.br/produtos/caixas-plasticas/caixa-plastica-fechada-com-tampa-15-litros/,https://i0.wp.com/www.larplasticos.com.br/wp-content/uploads/2017/11/CAIXA-ORGANIZADORA-15L-COM-TAMPA-2.png?fit=1000%2C1000&ssl=1,imagens\CAIXA-ORGANIZADORA-15L-COM-TAMPA-2.png
16,CAIXA PLÁSTICA FECHADA COM TAMPA 130 LITROS,https://www.larplasticos.com.br/produtos/caixas-plasticas/caixa-plastica-fechada-com-tampa-lar-130L,https://i0.wp.com/www.larplasticos.com.br/wp-content/uploads/2018/01/CAIXA-ORGANIZADORA-130L-COM-TAMPA-2.png?fit=1000%2C1000&ssl=1,imagens\CAIXA-ORGANIZADORA-130L-COM-TAMPA-2.png
17,Caixa Plástica Fechada com Tampa 180 Litros - LAR Plásticos,https://www.larplasticos.com.br/produtos/caixas-plasticas/caixa-plastica-fechada-com-tampa-lar-180L,https://i0.wp.com/www.larplasticos.com.br/wp-content/uploads/2017/11/CAIXA-ORGANIZADORA-180L-COM-TAMPA-2.png?fit=1000%2C1000&ssl=1,imagens\CAIXA-ORGANIZADORA-180L-COM-TAMPA-2.png
18,Caixa Plástica Fechada com Tampa 26 Litros - LAR Plásticos,https://www.larplasticos.com.br/produtos/caixas-plasticas/caixa-plastica-fechada-com-tampa-lar-26L,https://i0.wp.com/www.larplasticos.com.br/wp-content/uploads/2017/11/caixa-fechada-com-tampa-1.jpg?fit=480%2C480&ssl=1,imagens\caixa-fechada-com-tampa-1.jpg
19,Caixa Plástica Fechada com Tampa 36 Litros - LAR Plásticos,https://www.larplasticos.com.br/produtos/caixas-plasticas/caixa-plastica-fechada-com-tampa-lar-36L,https://i0.wp.com/www.larplasticos.com.br/wp-content/uploads/2017/11/caixa-fechada-com-tampa-2.jpg?fit=480%2C480&ssl=1,imagens\caixa-fechada-com-tampa-2.jpg
20,"Caixa Plástica Fechada com Tampa 4,2 Litros - LAR Plásticos","https://www.larplasticos.com.br/produtos/caixas-plasticas/caixa-plastica-fechada-com-tampa-lar-4,2L",https://i0.wp.com/www.larplasticos.com.br/wp-content/uploads/2018/03/CAIXA-ORGANIZADORA-4.2L-COM-TAMPA-2.png?fit=1000%2C1000&ssl=1,imagens\CAIXA-ORGANIZADORA-4.2L-COM-TAMPA-2.png
21,CAIXA PLÁSTICA FECHADA COM TAMPA 61 LITROS,https://www.larplasticos.com.br/produtos/caixas-plasticas/caixa-plastica-fechada-com-tampa-lar-61L,https://i0.wp.com/www.larplasticos.com.br/wp-content/uploads/2018/01/caixa-plastica-larplasticos-61L-com-tampa.jpg?fit=480%2C480&ssl=1,imagens\caixa-plastica-larplasticos-61L-com-tampa.jpg
22,Caixa Plástica Fechada sem Tampa 130 Litros - LAR Plásticos,https://www.larplasticos.com.br/produtos/caixas-plasticas/caixa-plastica-fechada-sem-tampa-lar-130L,https://i0.wp.com/www.larplasticos.com.br/wp-content/uploads/2018/01/CAIXA-ORGANIZADORA-130L-2.png?fit=1000%2C1000&ssl=1,imagens\CAIXA-ORGANIZADORA-130L-2.png
23,Caixa Plástica Fechada sem Tampa 15 Litros - LAR Plásticos,https://www.larplasticos.com.br/produtos/caixas-plasticas/caixa-plastica-fechada-sem-tampa-lar-15L,https://i0.wp.com/www.larplasticos.com.br/wp-content/uploads/2017/08/CAIXA-ORGANIZADORA-15L-2.png?fit=1000%2C1000&ssl=1,imagens\CAIXA-ORGANIZADORA-15L-2.png
24,Caixa Plástica Fechada sem Tampa 180 Litros - LAR Plásticos,https://www.larplasticos.com.br/produtos/caixas-plasticas/caixa-plastica-fechada-sem-tampa-lar-180L,https://i0.wp.com/www.larplasticos.com.br/wp-content/uploads/2017/11/caixa-fechada-sem-tampa.jpg?fit=480%2C480&ssl=1,imagens\caixa-fechada-sem-tampa.jpg
25,Caixa Plástica Fechada Sem Tampa 26 Litros - LAR Plásticos,https://www.larplasticos.com.br/produtos/caixas-plasticas/caixa-plastica-fechada-sem-tampa-lar-26L,https://i0.wp.com/www.larplasticos.com.br/wp-content/uploads/2017/08/CAIXA-ORGANIZADORA-26L-2.png?fit=1000%2C1000&ssl=1,imagens\CAIXA-ORGANIZADORA-26L-2.png
26,Caixa Plástica Fechada sem Tampa 36 Litros - LAR Plásticos,https://www.larplasticos.com.br/produtos/caixas-plasticas/caixa-plastica-fechada-sem-tampa-lar-36L,https://i0.wp.com/www.larplasticos.com.br/wp-content/uploads/2017/08/36g-20160229-104401.-1.jpg?fit=480%2C480&ssl=1,imagens\36g-20160229-104401.-1.jpg
27,"Caixa Plástica Fechada Sem Tampa 4,2 Litros - LAR Plásticos","https://www.larplasticos.com.br/produtos/caixas-plasticas/caixa-plastica-fechada-sem-tampa-lar-4,2L",https://i0.wp.com/www.larplasticos.com.br/wp-content/uploads/2018/03/CAIXA-ORGANIZADORA-4.2L-3.png?fit=1000%2C1000&ssl=1,imagens\CAIXA-ORGANIZADORA-4.2L-3.png
28,Caixa Plástica Fechada Sem Tampa 7 Litros - LAR Plásticos,https://www.larplasticos.com.br/produtos/caixas-plasticas/caixa-plastica-fechada-sem-tampa-lar-7L,https://i0.wp.com/www.larplasticos.com.br/wp-content/uploads/2018/02/Caixa-Plastica-Fechada-Preta-7L-Com-Tampa-Larplasticos.jpg?fit=480%2C480&ssl=1,imagens\Caixa-Plastica-Fechada-Preta-7L-Com-Tampa-Larplasticos.jpg
29,Caixa Plástica Para Pescados 42 Litros - LAR Plásticos,https://www.larplasticos.com.br/produtos/caixas-plasticas/caixa-plastica-para-pescados-e-frigorificos-42L,https://i0.wp.com/www.larplasticos.com.br/wp-content/uploads/2017/08/42L.jpg?fit=480%2C480&ssl=1,imagens\42L.jpg
30,Caixa ALC - Caixa Com Tampa Agregada - Lar Plásticos,https://www.larplasticos.com.br/produtos/caixas-plasticas/caixas-alc-caixas-com-tampa-agregada/,"data:image/svg+xml;base64,PHN2ZyB3aWR0aD0iMSIgaGVpZ2h0PSIxIiB4bWxucz0iaHR0cDovL3d3dy53My5vcmcvMjAwMC9zdmciPjwvc3ZnPg==",
31,CAIXA ALC 6437 - LAR Plásticos – Qualidade que Transforma,https://www.larplasticos.com.br/produtos/caixas-plasticas/caixas-alc-caixas-com-tampa-agregada/caixa-alc-6437,https://i0.wp.com/www.larplasticos.com.br/wp-content/uploads/2020/07/alc-6437-05-.jpg?fit=1000%2C1000&ssl=1,imagens\alc-6437-05-.jpg
32,Caixas KLT - LAR Plásticos – Qualidade que Transforma,https://www.larplasticos.com.br/produtos/caixas-plasticas/caixas-klt/,"data:image/svg+xml;base64,PHN2ZyB3aWR0aD0iMSIgaGVpZ2h0PSIxIiB4bWxucz0iaHR0cDovL3d3dy53My5vcmcvMjAwMC9zdmciPjwvc3ZnPg==",
33,CAIXA GALIA 1322 - LAR Plásticos – Qualidade que Transforma,https://www.larplasticos.com.br/produtos/caixas-plasticas/caixas-klt/caixa-galia-1322/,https://i0.wp.com/www.larplasticos.com.br/wp-content/uploads/2020/07/Caixa-Galia-1322-Fundo-liso-Azul-5.png?fit=1000%2C1000&ssl=1,imagens\Caixa-Galia-1322-Fundo-liso-Azul-5.png
34,CAIXA LAR 298353 - LAR Plásticos – Qualidade que Transforma,https://www.larplasticos.com.br/produtos/caixas-plasticas/caixas-klt/caixa-lar-298353,"data:image/svg+xml;base64,PHN2ZyB3aWR0aD0iMSIgaGVpZ2h0PSIxIiB4bWxucz0iaHR0cDovL3d3dy53My5vcmcvMjAwMC9zdmciPjwvc3ZnPg==",
35,CAIXA R-KLT 3215 - LAR Plásticos – Qualidade que Transforma,https://www.larplasticos.com.br/produtos/caixas-plasticas/caixas-klt/caixa-r-klt-3215/,https://i0.wp.com/www.larplasticos.com.br/wp-content/uploads/2020/07/R-KLT-3215-Fundo-lego-azul-4.png?fit=1000%2C1000&ssl=1,imagens\R-KLT-3215-Fundo-lego-azul-4.png
36,CAIXA R-KLT 4315 - LAR Plásticos – Qualidade que Transforma,https://www.larplasticos.com.br/produtos/caixas-plasticas/caixas-klt/caixa-r-klt-4315/,"data:image/svg+xml;base64,PHN2ZyB3aWR0aD0iMSIgaGVpZ2h0PSIxIiB4bWxucz0iaHR0cDovL3d3dy53My5vcmcvMjAwMC9zdmciPjwvc3ZnPg==",
37,CAIXA R-KLT 6424 - LAR Plásticos – Qualidade que Transforma,https://www.larplasticos.com.br/produtos/caixas-plasticas/caixas-klt/caixa-r-klt-6424/,https://i0.wp.com/www.larplasticos.com.br/wp-content/uploads/2020/07/R-KLT-6424-Fundo-Lego-Azul-6.png?fit=1000%2C1000&ssl=1,imagens\R-KLT-6424-Fundo-Lego-Azul-6.png
38,CAIXA R-KLT 6428 - LAR Plásticos – Qualidade que Transforma,https://www.larplasticos.com.br/produtos/caixas-plasticas/caixas-klt/caixa-r-klt-6428/,https://www.larplasticos.com.br/wp-content/uploads/2020/07/R-KLT6428-4-1024x683.png,imagens\R-KLT6428-4-1024x683.png
39,CAIXA RL-KLT 10428 - LAR Plásticos – Qualidade que Transforma,https://www.larplasticos.com.br/produtos/caixas-plasticas/caixas-klt/caixa-rl-klt-10428/,https://i0.wp.com/www.larplasticos.com.br/wp-content/uploads/2020/07/3.jpg?fit=1000%2C1000&ssl=1,imagens\3.jpg
40,CAIXA RL-KLT 1518 - LAR Plásticos – Qualidade que Transforma,https://www.larplasticos.com.br/produtos/caixas-plasticas/caixas-klt/caixa-rl-klt-1518/,https://i0.wp.com/www.larplasticos.com.br/wp-content/uploads/2020/07/KLT-1518-azul3-scaled.jpg?fit=2560%2C1707&ssl=1,imagens\KLT-1518-azul3-scaled.jpg
41,CAIXA RL-KLT 2158 - LAR Plásticos – Qualidade que Transforma,https://www.larplasticos.com.br/produtos/caixas-plasticas/caixas-klt/caixa-rl-klt-2158/,https://i0.wp.com/www.larplasticos.com.br/wp-content/uploads/2021/08/RL-KLT-2158-Fundo-Liso-4.png?fit=1000%2C1000&ssl=1,imagens\RL-KLT-2158-Fundo-Liso-4.png
42,CAIXA RL-KLT 3147 - LAR Plásticos – Qualidade que Transforma,https://www.larplasticos.com.br/produtos/caixas-plasticas/caixas-klt/caixa-rl-klt-3147/,https://www.larplasticos.com.br/wp-content/uploads/2020/07/R-KLT-3147-azul-1-1024x683.png,imagens\R-KLT-3147-azul-1-1024x683.png
43,CAIXA RL-KLT 4280 - LAR Plásticos – Qualidade que Transforma,https://www.larplasticos.com.br/produtos/caixas-plasticas/caixas-klt/caixa-rl-klt-4280,https://i0.wp.com/www.larplasticos.com.br/wp-content/uploads/2024/11/RL-KLT-4280-Azul-Com-Tamp-02a.png?fit=1080%2C1080&ssl=1,imagens\RL-KLT-4280-Azul-Com-Tamp-02a.png
44,CAIXA RL-KLT 4315 - LAR Plásticos – Qualidade que Transforma,https://www.larplasticos.com.br/produtos/caixas-plasticas/caixas-klt/caixa-rl-klt-4315/,https://i0.wp.com/www.larplasticos.com.br/wp-content/uploads/2020/07/RL-KLT-4315-Fundo-Liso-Azul-5.png?fit=1000%2C1000&ssl=1,imagens\RL-KLT-4315-Fundo-Liso-Azul-5.png
45,CAIXA RL-KLT 4322 - LAR Plásticos – Qualidade que Transforma,https://www.larplasticos.com.br/produtos/caixas-plasticas/caixas-klt/caixa-rl-klt-4322/,https://i0.wp.com/www.larplasticos.com.br/wp-content/uploads/2020/07/Caixa-R-KLT-4322-Azul-05-.jpg?fit=1000%2C1000&ssl=1,imagens\Caixa-R-KLT-4322-Azul-05-.jpg
46,CAIXA RL-KLT 6421 - LAR Plásticos – Qualidade que Transforma,https://www.larplasticos.com.br/produtos/caixas-plasticas/caixas-klt/caixa-rl-klt-6421/,https://i0.wp.com/www.larplasticos.com.br/wp-content/uploads/2020/07/Caixa-RL-KLT-6421-Azul-01-.jpg?fit=1000%2C1000&ssl=1,imagens\Caixa-RL-KLT-6421-Azul-01-.jpg
47,CAIXA RL-KLT 6431 - LAR Plásticos – Qualidade que Transforma,https://www.larplasticos.com.br/produtos/caixas-plasticas/caixas-klt/caixa-rl-klt-6431/,https://i0.wp.com/www.larplasticos.com.br/wp-content/uploads/2020/07/1-2-scaled.jpg?fit=2560%2C1707&ssl=1,imagens\1-2-scaled.jpg
48,CAIXA RL-KLT 6435 - LAR Plásticos – Qualidade que Transforma,https://www.larplasticos.com.br/produtos/caixas-plasticas/caixas-klt/caixa-rl-klt-6435/,https://www.larplasticos.com.br/wp-content/uploads/2020/07/RL-KLT-6435-azul-3-1-1024x683.png,imagens\RL-KLT-6435-azul-3-1-1024x683.png
49,Caixas Organizadoras - LAR Plásticos – Qualidade que Transforma,https://www.larplasticos.com.br/produtos/caixas-plasticas/caixas-organizadoras/,"data:image/svg+xml;base64,PHN2ZyB3aWR0aD0iMSIgaGVpZ2h0PSIxIiB4bWxucz0iaHR0cDovL3d3dy53My5vcmcvMjAwMC9zdmciPjwvc3ZnPg==",
50,LAR Plásticos – Qualidade que Transforma,https://www.larplasticos.com.br/produtos/caixas-plasticas/caixas-termicas/,https://www.larplasticos.com.br/wp-content/plugins/revslider/public/assets/assets/dummy.png,imagens\dummy.png
51,LAR Plásticos – Qualidade que Transforma,https://www.larplasticos.com.br/produtos/caixas-plasticas/mesas-de-plasticos/,https://www.larplasticos.com.br/wp-content/plugins/revslider/public/assets/assets/dummy.png,imagens\dummy.png
52,Carrinho para Varrição Lutocar 100 Litros - LAR Plásticos,https://www.larplasticos.com.br/produtos/carrinhos-coletores-de-lixo/Lutocar-100L,https://i0.wp.com/www.larplasticos.com.br/wp-content/uploads/2020/05/Lutocar-100L-Lar-Plasticos-2.jpg?fit=480%2C480&ssl=1,imagens\Lutocar-100L-Lar-Plasticos-2.jpg
53,Carrinho Coletor de Lixo Com Pedal de 120 Litros - LAR Plásticos,https://www.larplasticos.com.br/produtos/carrinhos-coletores-de-lixo/carrinho-coletor-de-lixo-de-120l-com-pedal,https://i0.wp.com/www.larplasticos.com.br/wp-content/uploads/2017/08/120-vermelho.jpg?fit=1000%2C1000&ssl=1,imagens\120-vermelho.jpg
54,Carrinho Coletor de Lixo Sem Pedal de 120 Litros - LAR Plásticos,https://www.larplasticos.com.br/produtos/carrinhos-coletores-de-lixo/carrinho-coletor-de-lixo-de-120l-sem-pedal,https://i0.wp.com/www.larplasticos.com.br/wp-content/uploads/2017/08/Coletor-120L-Preto-03-.jpg?fit=1000%2C1000&ssl=1,imagens\Coletor-120L-Preto-03-.jpg
55,Carrinho Coletor de Lixo Com Pedal de 240 Litros - LAR Plásticos,https://www.larplasticos.com.br/produtos/carrinhos-coletores-de-lixo/carrinho-coletor-de-lixo-de-240l-com-pedal,https://i0.wp.com/www.larplasticos.com.br/wp-content/uploads/2017/08/240-vermelho.jpg?fit=1000%2C1000&ssl=1,imagens\240-vermelho.jpg
56,Carrinho Coletor de Lixo sem Pedal de 240 Litros - LAR Plásticos,https://www.larplasticos.com.br/produtos/carrinhos-coletores-de-lixo/carrinho-coletor-de-lixo-de-240l-sem-pedal,https://i0.wp.com/www.larplasticos.com.br/wp-content/uploads/2017/08/Coletor-240L-Amarelo-02-.jpg?fit=1000%2C1000&ssl=1,imagens\Coletor-240L-Amarelo-02-.jpg
57,Carrinho Coletor de Lixo 360 Litros - LAR Plásticos,https://www.larplasticos.com.br/produtos/carrinhos-coletores-de-lixo/carrinho-coletor-de-lixo-de-360-litros,https://i0.wp.com/www.larplasticos.com.br/wp-content/uploads/2019/04/Coletor-360L-Azul.png?fit=1080%2C1080&ssl=1,imagens\Coletor-360L-Azul.png
58,CARRO CUBA 180 LITROS COM ESTRUTURA METÁLICA,https://www.larplasticos.com.br/produtos/carros-cuba/carro-cuba-180-litros-com-estrutura-metalica,https://i0.wp.com/www.larplasticos.com.br/wp-content/uploads/2019/07/Carro-Cuba-180-Litros-Larplasticos-Com-Tampa.jpg?fit=480%2C480&ssl=1,imagens\Carro-Cuba-180-Litros-Larplasticos-Com-Tampa.jpg
59,CARRO CUBA 180 LITROS COM ESTRUTURA METÁLICA SEM TAMPA,https://www.larplasticos.com.br/produtos/carros-cuba/carro-cuba-180-litros-com-estrutura-metalica-sem-tampa,https://i0.wp.com/www.larplasticos.com.br/wp-content/uploads/2019/07/Carro-Cuba-180-Litros-Larplasticos-Sem-Tampa.jpg?fit=480%2C480&ssl=1,imagens\Carro-Cuba-180-Litros-Larplasticos-Sem-Tampa.jpg
60,CARRO CUBA 430 LITROS - Lar Plásticos - Qualidade que Transforma,https://www.larplasticos.com.br/produtos/carros-cuba/carro-cuba-430-litros,https://i0.wp.com/www.larplasticos.com.br/wp-content/uploads/2017/07/2-1.jpg?fit=480%2C480&ssl=1,imagens\2-1.jpg
61,CARRO CUBA 600 LITROS,https://www.larplasticos.com.br/produtos/carros-cuba/carro-cuba-600-litros,https://i0.wp.com/www.larplasticos.com.br/wp-content/uploads/2021/02/carro-cuba-600-litros.jpg?fit=480%2C480&ssl=1,imagens\carro-cuba-600-litros.jpg
62,CARRO CUBA 600 LITROS COM ESTRUTURA METÁLICA,https://www.larplasticos.com.br/produtos/carros-cuba/carro-cuba-600-litros-com-estrutura-metalica,https://i0.wp.com/www.larplasticos.com.br/wp-content/uploads/2018/07/carro-cuba-600l-larplasticos6.jpg?fit=480%2C480&ssl=1,imagens\carro-cuba-600l-larplasticos6.jpg
63,CARRO CUBA 600 LITROS COM ESTRUTURA METÁLICA SEM TAMPA,https://www.larplasticos.com.br/produtos/carros-cuba/carro-cuba-600-litros-com-estrutura-metalica-sem-tampa,https://i0.wp.com/www.larplasticos.com.br/wp-content/uploads/2018/07/carro-cuba-600l-larplasticos2.jpg?fit=480%2C480&ssl=1,imagens\carro-cuba-600l-larplasticos2.jpg
64,Cestos de Lixo 100 Litros Redondo - LAR Plásticos - Qualidade Superior,https://www.larplasticos.com.br/produtos/cestos-de-lixo/cesto-de-lixo-100-litros-redondo,https://i0.wp.com/www.larplasticos.com.br/wp-content/uploads/2019/02/Cesto-100L-Branco-.jpg?fit=1000%2C1000&ssl=1,imagens\Cesto-100L-Branco-.jpg
65,Cestos de Lixo Sem Tampa 15 Litros - LAR Plásticos,https://www.larplasticos.com.br/produtos/cestos-de-lixo/cesto-de-lixo-15-litros-sem-tampa,https://i0.wp.com/www.larplasticos.com.br/wp-content/uploads/2017/08/CESTO-15L-BR.png?fit=1000%2C1000&ssl=1,imagens\CESTO-15L-BR.png
66,Cestos de Lixo Com Tampa Basculante 15 Litros - LAR Plásticos,https://www.larplasticos.com.br/produtos/cestos-de-lixo/cesto-de-lixo-15-litros-tampa-basculante,https://i0.wp.com/www.larplasticos.com.br/wp-content/uploads/2017/08/CESTO-15L-TP-BASC-BR.png?fit=1000%2C1000&ssl=1,imagens\CESTO-15L-TP-BASC-BR.png
67,Cestos de Lixo Com Tampa Flip-Top 15 Litros - LAR Plásticos,https://www.larplasticos.com.br/produtos/cestos-de-lixo/cesto-de-lixo-15-litros-tampa-flip-top,https://i0.wp.com/www.larplasticos.com.br/wp-content/uploads/2017/08/CESTO-15L-TP-FLIP-BR.png?fit=1000%2C1000&ssl=1,imagens\CESTO-15L-TP-FLIP-BR.png
68,Cestos de Lixo Sem Tampa 23 Litros - LAR Plásticos,https://www.larplasticos.com.br/produtos/cestos-de-lixo/cesto-de-lixo-23-litros-sem-tampa,https://i0.wp.com/www.larplasticos.com.br/wp-content/uploads/2017/08/CESTO-23L-BR.png?fit=1000%2C1000&ssl=1,imagens\CESTO-23L-BR.png
69,Cestos de Lixo com Tampa Basculante 23 Litros - LAR Plásticos,https://www.larplasticos.com.br/produtos/cestos-de-lixo/cesto-de-lixo-23-litros-tampa-basculante,https://i0.wp.com/www.larplasticos.com.br/wp-content/uploads/2017/08/CESTO-23L-TP-BASC-BR.png?fit=1000%2C1000&ssl=1,imagens\CESTO-23L-TP-BASC-BR.png
70,Cestos de Lixo Com Tampa Flip-Top 23 Litros - LAR Plásticos,https://www.larplasticos.com.br/produtos/cestos-de-lixo/cesto-de-lixo-23-litros-tampa-flip-top,https://i0.wp.com/www.larplasticos.com.br/wp-content/uploads/2017/08/CESTO-23L-TP-FLIP-BR.png?fit=1000%2C1000&ssl=1,imagens\CESTO-23L-TP-FLIP-BR.png
71,Cestos de Lixo 60 Litros Redondo - LAR Plásticos - Muito mais Qualidade,https://www.larplasticos.com.br/produtos/cestos-de-lixo/cesto-de-lixo-60-litros-redondo,https://i0.wp.com/www.larplasticos.com.br/wp-content/uploads/2019/02/cesto-de-lixo-redondo-para-restaurante.jpg?fit=480%2C480&ssl=1,imagens\cesto-de-lixo-redondo-para-restaurante.jpg
72,Cestos de Lixo Redondo Com Pedal 100 Litros - LAR Plásticos,https://www.larplasticos.com.br/produtos/cestos-de-lixo/cesto-de-lixo-redondo-com-pedal-100-litros,https://i0.wp.com/www.larplasticos.com.br/wp-content/uploads/2019/02/Cesto-Redondo-100-Litros-Com-Tampa-E-Pedal.jpg?fit=400%2C400&ssl=1,imagens\Cesto-Redondo-100-Litros-Com-Tampa-E-Pedal.jpg
73,Cestos de Lixo Redondo Com Pedal 60 Litros - LAR Plásticos,https://www.larplasticos.com.br/produtos/cestos-de-lixo/cesto-de-lixo-redondo-com-pedal-60-litros,https://i0.wp.com/www.larplasticos.com.br/wp-content/uploads/2019/02/lixeira-redonda-hospitalar-60-Litros.jpg?fit=480%2C480&ssl=1,imagens\lixeira-redonda-hospitalar-60-Litros.jpg
74,CONE BARRIL BASE QUADRADA - LAR Plásticos – Qualidade que Transforma,https://www.larplasticos.com.br/produtos/cone-barril/cone-barril-base-quadrada/,https://i0.wp.com/www.larplasticos.com.br/wp-content/uploads/2024/02/Cone-norma-1.png?fit=1000%2C1000&ssl=1,imagens\Cone-norma-1.png
75,Ecoponto 2500 Litros - PEV (Ponto de entrega Voluntária) - LAR Plásticos,https://www.larplasticos.com.br/produtos/containers-de-lixo/Ecoponto-2500-Litros,https://i0.wp.com/www.larplasticos.com.br/wp-content/uploads/2018/07/ecoponto-verde-2500-litros-1.jpg?fit=480%2C480&ssl=1,imagens\ecoponto-verde-2500-litros-1.jpg
76,Container de Lixo 1000 Litros Com Pedal - LAR Plásticos,https://www.larplasticos.com.br/produtos/containers-de-lixo/container-de-Lixo-1000-litros-com-pedal,https://i0.wp.com/www.larplasticos.com.br/wp-content/uploads/2017/11/container-1000-litros-com-pedal-lar-plasticos.gif?fit=400%2C400&ssl=1,imagens\container-1000-litros-com-pedal-lar-plasticos.gif
77,Container de Lixo 1000 Litros com Tampa Bipartida - LAR Plásticos,https://www.larplasticos.com.br/produtos/containers-de-lixo/container-de-Lixo-1000-litros-com-tampa-bipartida,https://i0.wp.com/www.larplasticos.com.br/wp-content/uploads/2018/09/Containers-03.png?fit=2261%2C2161&ssl=1,imagens\Containers-03.png
78,Container de Lixo 1000 Litros Sem Pedal - LAR Plásticos,https://www.larplasticos.com.br/produtos/containers-de-lixo/container-de-Lixo-1000-litros-sem-pedal,https://i0.wp.com/www.larplasticos.com.br/wp-content/uploads/2017/08/Contentor-1000L-Amarelo-.jpg?fit=1000%2C1000&ssl=1,imagens\Contentor-1000L-Amarelo-.jpg
79,Container de Lixo 1200 Litros com Tampa Bipartida - LAR Plásticos,https://www.larplasticos.com.br/produtos/containers-de-lixo/container-de-Lixo-1200-litros-com-tampa-bipartida,https://i0.wp.com/www.larplasticos.com.br/wp-content/uploads/2019/04/container-1200L-diagonal.jpg?fit=480%2C480&ssl=1,imagens\container-1200L-diagonal.jpg
80,Container de Lixo 700 Litros Com Pedal - LAR Plásticos,https://www.larplasticos.com.br/produtos/containers-de-lixo/container-de-Lixo-700-litros-com-pedal,"data:image/svg+xml;base64,PHN2ZyB3aWR0aD0iMSIgaGVpZ2h0PSIxIiB4bWxucz0iaHR0cDovL3d3dy53My5vcmcvMjAwMC9zdmciPjwvc3ZnPg==",
81,Container de Lixo 700 Litros Sem Pedal - LAR Plásticos,https://www.larplasticos.com.br/produtos/containers-de-lixo/container-de-Lixo-700-litros-sem-pedal,https://i0.wp.com/www.larplasticos.com.br/wp-content/uploads/2017/08/container-700-litros-lar-plasticos.gif?fit=400%2C400&ssl=1,imagens\container-700-litros-lar-plasticos.gif
82,Container de Lixo 500 Litros Sem Pedal - LAR Plásticos,https://www.larplasticos.com.br/produtos/containers-de-lixo/container-de-lixo-500-litros-sem-pedal,https://i0.wp.com/www.larplasticos.com.br/wp-content/uploads/2017/07/container-500-litros-lar-plasticos.gif?fit=400%2C400&ssl=1,imagens\container-500-litros-lar-plasticos.gif
83,Container de Lixo 500 Litros Com Pedal - LAR Plásticos,https://www.larplasticos.com.br/produtos/containers-de-lixo/container-de-lixo-com-pedal-500-litros-com-pedal,https://i0.wp.com/www.larplasticos.com.br/wp-content/uploads/2017/11/container-500-litros-com-pedal-lar-plasticos.gif?fit=400%2C400&ssl=1,imagens\container-500-litros-com-pedal-lar-plasticos.gif
84,CONTAINER DE PLÁSTICO INJETADO 1000 LITROS  - LAR Plásticos – Qualidade que Transforma,https://www.larplasticos.com.br/produtos/containers-de-lixo/container-de-plastico-injetado-1000-litros/,https://i0.wp.com/www.larplasticos.com.br/wp-content/uploads/2024/01/Container-1000L-Inj-Vermelho.png?fit=1080%2C1080&ssl=1,imagens\Container-1000L-Inj-Vermelho.png
85,CONTAINER DE PLÁSTICO INJETADO 1000 LITROS  - LAR Plásticos – Qualidade que Transforma,https://www.larplasticos.com.br/produtos/containers-de-lixo/container-de-plastico-injetado-1100-litros/,https://i0.wp.com/www.larplasticos.com.br/wp-content/uploads/2024/01/Container-1000L-Inj-Vermelho.png?fit=1080%2C1080&ssl=1,imagens\Container-1000L-Inj-Vermelho.png
86,Ecopev Iglu 2500 Litros - LAR Plásticos,https://www.larplasticos.com.br/produtos/containers-de-lixo/ecopev-iglu-2500,https://i0.wp.com/www.larplasticos.com.br/wp-content/uploads/2023/01/ECO-IGLU-2-scaled.jpg?fit=2560%2C1920&ssl=1,imagens\ECO-IGLU-2-scaled.jpg
87,ESTRADOS DE PLÁSTICO 41cm X 82cm - LAR Plásticos – Qualidade que Transforma,https://www.larplasticos.com.br/produtos/estrado-de-plastico/estrados-de-plastico/estrados-de-plastico-41cm-x-82cm/,https://i0.wp.com/www.larplasticos.com.br/wp-content/uploads/2019/07/Estrado-41x82-1.png?fit=1000%2C1000&ssl=1,imagens\Estrado-41x82-1.png
88,LIXEIRA INOX COM PEDAL 12 LITROS - LAR Plásticos – Qualidade que Transforma,https://www.larplasticos.com.br/produtos/linha-de-inox/lixeira-inox-com-pedal-12litros/,https://i0.wp.com/www.larplasticos.com.br/wp-content/uploads/2024/05/FTC001-12L-scaled.jpg?fit=2532%2C2560&ssl=1,imagens\FTC001-12L-scaled.jpg
89,LIXEIRA INOX COM PEDAL 20 LITROS - LAR Plásticos – Qualidade que Transforma,https://www.larplasticos.com.br/produtos/linha-de-inox/lixeira-inox-com-pedal-20litros/,https://i0.wp.com/www.larplasticos.com.br/wp-content/uploads/2024/05/FTC001-20L-scaled.jpg?fit=2532%2C2560&ssl=1,imagens\FTC001-20L-scaled.jpg
90,LIXEIRA INOX COM PEDAL 30 LITROS - LAR Plásticos – Qualidade que Transforma,https://www.larplasticos.com.br/produtos/linha-de-inox/lixeira-inox-com-pedal-30litros/,https://i0.wp.com/www.larplasticos.com.br/wp-content/uploads/2024/05/FTC001-30L-scaled.jpg?fit=2532%2C2560&ssl=1,imagens\FTC001-30L-scaled.jpg
91,LIXEIRA INOX COM PEDAL 3 LITROS - LAR Plásticos – Qualidade que Transforma,https://www.larplasticos.com.br/produtos/linha-de-inox/lixeira-inox-com-pedal-3litros/,https://i0.wp.com/www.larplasticos.com.br/wp-content/uploads/2024/05/FTC001-3L-scaled.jpg?fit=2532%2C2560&ssl=1,imagens\FTC001-3L-scaled.jpg
92,LIXEIRA INOX COM PEDAL 5 LITROS - LAR Plásticos – Qualidade que Transforma,https://www.larplasticos.com.br/produtos/linha-de-inox/lixeira-inox-com-pedal-5litros/,https://i0.wp.com/www.larplasticos.com.br/wp-content/uploads/2024/05/FTC001-5L-scaled.jpg?fit=2532%2C2560&ssl=1,imagens\FTC001-5L-scaled.jpg
93,LIXEIRA INOX COM PEDAL 7 LITROS - LAR Plásticos – Qualidade que Transforma,https://www.larplasticos.com.br/produtos/linha-de-inox/lixeira-inox-com-pedal-7litros/,https://i0.wp.com/www.larplasticos.com.br/wp-content/uploads/2024/05/FTC001-7L-scaled.jpg?fit=2532%2C2560&ssl=1,imagens\FTC001-7L-scaled.jpg
94,LIXEIRA INOX QUADRADA COM PEDAL12 LITROS - LAR Plásticos – Qualidade que Transforma,https://www.larplasticos.com.br/produtos/linha-de-inox/lixeira-inox-com-pedal-quadrada-12litros/,https://i0.wp.com/www.larplasticos.com.br/wp-content/uploads/2024/05/FTC1248-12L-scaled.jpg?fit=2532%2C2560&ssl=1,imagens\FTC1248-12L-scaled.jpg
95,LIXEIRA INOX QUADRADA COM PEDAL 20 LITROS - LAR Plásticos – Qualidade que Transforma,https://www.larplasticos.com.br/produtos/linha-de-inox/lixeira-inox-com-pedal-quadrada-20litros/,https://i0.wp.com/www.larplasticos.com.br/wp-content/uploads/2024/05/FTC1248-12L-scaled.jpg?fit=2532%2C2560&ssl=1,imagens\FTC1248-12L-scaled.jpg
96,LIXEIRA INOX QUADRADA COM PEDAL 30 LITROS - LAR Plásticos – Qualidade que Transforma,https://www.larplasticos.com.br/produtos/linha-de-inox/lixeira-inox-com-pedal-quadrada-30litros/,https://i0.wp.com/www.larplasticos.com.br/wp-content/uploads/2024/05/FTC1248-30L-scaled.jpg?fit=2532%2C2560&ssl=1,imagens\FTC1248-30L-scaled.jpg
97,5 LIXEIRAS PARA COLETA SELETIVA 100 LITROS - KIT COM 5 LIXEIRAS,https://www.larplasticos.com.br/produtos/lixeira-basculante-para-coleta-seletiva-100L/5-lixeiras-para-coleta-seletiva-lar-100-litros,https://i0.wp.com/www.larplasticos.com.br/wp-content/uploads/2024/04/Kit-Coleta-Seletiva-Basc-100L-Inj-5unidades.png?fit=1080%2C1080&ssl=1,imagens\Kit-Coleta-Seletiva-Basc-100L-Inj-5unidades.png
98,6 LIXEIRAS PARA COLETA SELETIVA 100 LITROS - KIT COM 6 LIXEIRAS,https://www.larplasticos.com.br/produtos/lixeira-basculante-para-coleta-seletiva-100L/6-lixeiras-para-coleta-seletiva-lar-100-litros,https://i0.wp.com/www.larplasticos.com.br/wp-content/uploads/2024/04/Kit-Coleta-Seletiva-Basc-100L-Inj-6unidades.png?fit=1080%2C1080&ssl=1,imagens\Kit-Coleta-Seletiva-Basc-100L-Inj-6unidades.png
99,3 Lixeiras para Coleta Seletiva 60 Litros - Kit LAR Plásticos,https://www.larplasticos.com.br/produtos/lixeira-basculante-para-coleta-seletiva-60L/3-lixeiras-para-coleta-seletiva-lar-60-litros,https://i0.wp.com/www.larplasticos.com.br/wp-content/uploads/2017/09/Kit-03.png?fit=1000%2C1000&ssl=1,imagens\Kit-03.png
100,4 Lixeiras para Coleta Seletiva 60 Litros - Kit LAR Plásticos,https://www.larplasticos.com.br/produtos/lixeira-basculante-para-coleta-seletiva-60L/4-lixeiras-para-coleta-seletiva-lar-60-litros,https://i0.wp.com/www.larplasticos.com.br/wp-content/uploads/2017/09/Kit-04.png?fit=1000%2C1000&ssl=1,imagens\Kit-04.png
101,5 Lixeiras para Coleta Seletiva 60 Litros - Kit LAR Plásticos,https://www.larplasticos.com.br/produtos/lixeira-basculante-para-coleta-seletiva-60L/5-lixeiras-para-coleta-seletiva-lar-60-litros,https://i0.wp.com/www.larplasticos.com.br/wp-content/uploads/2017/09/Kit-5-Basculantes-60L.png?fit=1000%2C1000&ssl=1,imagens\Kit-5-Basculantes-60L.png
102,6 Lixeiras para Coleta Seletiva 60 Litros - Kit LAR Plásticos,https://www.larplasticos.com.br/produtos/lixeira-basculante-para-coleta-seletiva-60L/6-lixeiras-para-coleta-seletiva-lar-60-litros,https://i0.wp.com/www.larplasticos.com.br/wp-content/uploads/2017/09/Kit-6.png?fit=1000%2C1000&ssl=1,imagens\Kit-6.png
103,Lixeira Papeleira 50 Litros - Com Suporte | Lar Plásticos,https://www.larplasticos.com.br/produtos/lixeira-papeleira-de-50-litros/lixeira-papeleira-50-litros-com-suporte,https://i0.wp.com/www.larplasticos.com.br/wp-content/uploads/2017/08/LIX-PAPELEIRA-S-SUPORTE-AMARELO.jpg?fit=1000%2C1000&ssl=1,imagens\LIX-PAPELEIRA-S-SUPORTE-AMARELO.jpg
104,Lixeira Basculante 15 Litros - Cestos Plásticos da Lar Plásticos,https://www.larplasticos.com.br/produtos/lixeiras-basculante/lixeira-basculante-15-litros,https://i0.wp.com/www.larplasticos.com.br/wp-content/uploads/2017/08/cesto-de-lixo-15-litros-basculante-amarelo.jpg?fit=480%2C480&ssl=1,imagens\cesto-de-lixo-15-litros-basculante-amarelo.jpg
105,Lixeira Basculante 23 Litros - Lixeiras Plásticas Lar Plásticos,https://www.larplasticos.com.br/produtos/lixeiras-basculante/lixeira-basculante-23-litros,https://i0.wp.com/www.larplasticos.com.br/wp-content/uploads/2017/08/cestos-de-lixo-com-tampa-basculante-23L.jpg?fit=480%2C480&ssl=1,imagens\cestos-de-lixo-com-tampa-basculante-23L.jpg
106,Lixeira Basculante 60 Litros - Lixeiras para Coleta Seletiva,https://www.larplasticos.com.br/produtos/lixeiras-basculante/lixeira-basculante-injetada-lar-60-litros,https://i0.wp.com/www.larplasticos.com.br/wp-content/uploads/2017/08/lixeira-basculante-vermelho-60l-vermelho-1.jpg?fit=480%2C480&ssl=1,imagens\lixeira-basculante-vermelho-60l-vermelho-1.jpg
107,Lixeira Basculante 100 Litros - Lar Plásticos - Qualidade que Transforma,https://www.larplasticos.com.br/produtos/lixeiras-basculantes/lixeira-basculante-100-litros-injetada/,https://i0.wp.com/www.larplasticos.com.br/wp-content/uploads/2024/02/Basuclante-100L-Inj-Azul.png?fit=1080%2C1080&ssl=1,imagens\Basuclante-100L-Inj-Azul.png
108,BANQUETAS DE PLÁSTICO,https://www.larplasticos.com.br/produtos/moveis-plasticos/banquetas-de-plastico/,"data:image/svg+xml;base64,PHN2ZyB3aWR0aD0iMSIgaGVpZ2h0PSIxIiB4bWxucz0iaHR0cDovL3d3dy53My5vcmcvMjAwMC9zdmciPjwvc3ZnPg==",
109,BANQUETA DE PLÁSTICO ALTA - ÔNIX - LAR Plásticos – Qualidade que Transforma,https://www.larplasticos.com.br/produtos/moveis-plasticos/banquetas-de-plastico/banqueta-de-plastico-alta-onix/,https://i0.wp.com/www.larplasticos.com.br/wp-content/uploads/2020/08/banqueta-de-plastico-alta-onix.jpg?fit=480%2C480&ssl=1,imagens\banqueta-de-plastico-alta-onix.jpg
110,BANQUETA DE PLÁSTICO BAIXA - JADE - LAR Plásticos – Qualidade que Transforma,https://www.larplasticos.com.br/produtos/moveis-plasticos/banquetas-de-plastico/banqueta-de-plastico-baixa-jade/,https://i0.wp.com/www.larplasticos.com.br/wp-content/uploads/2020/08/banqueta-de-plastico-baixa-jade.jpg?fit=480%2C480&ssl=1,imagens\banqueta-de-plastico-baixa-jade.jpg
111,BANCO DE PLÁSTICO COM ENCOSTO - COMFORT - LAR Plásticos – Qualidade que Transforma,https://www.larplasticos.com.br/produtos/moveis-plasticos/cadeiras-de-plastico/banco-de-plastico-com-encosto-comfort/,https://i0.wp.com/www.larplasticos.com.br/wp-content/uploads/2020/08/banco-de-plastico-com-encosto-comfort.jpg?fit=480%2C480&ssl=1,imagens\banco-de-plastico-com-encosto-comfort.jpg
112,CADEIRA DE PLÁSTICO BISTRÔ - ÁGATA - LAR Plásticos – Qualidade que Transforma,https://www.larplasticos.com.br/produtos/moveis-plasticos/cadeiras-de-plastico/cadeira-de-plastico-bistro-agata/,https://i0.wp.com/www.larplasticos.com.br/wp-content/uploads/2020/08/cadeira-de-plastico-bistro-agata.jpg?fit=480%2C480&ssl=1,imagens\cadeira-de-plastico-bistro-agata.jpg
113,CADEIRA DE PLÁSTICO BISTRÔ - AMETISTA - LAR Plásticos – Qualidade que Transforma,https://www.larplasticos.com.br/produtos/moveis-plasticos/cadeiras-de-plastico/cadeira-de-plastico-bistro-ametista/,https://i0.wp.com/www.larplasticos.com.br/wp-content/uploads/2020/08/Cadeira-bistro-Ametista-branca.jpg?fit=1000%2C1000&ssl=1,imagens\Cadeira-bistro-Ametista-branca.jpg
114,CADEIRA DE PLÁSTICO DOBRÁVEL - CRISTAL - LAR Plásticos – Qualidade que Transforma,https://www.larplasticos.com.br/produtos/moveis-plasticos/cadeiras-de-plastico/cadeira-de-plastico-dobravel-cristal/,https://i0.wp.com/www.larplasticos.com.br/wp-content/uploads/2020/08/cadeira-de-plastico-dobravel-cristal-aberta.jpg?fit=480%2C480&ssl=1,imagens\cadeira-de-plastico-dobravel-cristal-aberta.jpg
115,POLTRONA DE PLÁSTICO ALTA - OPALA - LAR Plásticos – Qualidade que Transforma,https://www.larplasticos.com.br/produtos/moveis-plasticos/cadeiras-de-plastico/poltrona-de-plastico-alta-opala/,"data:image/svg+xml;base64,PHN2ZyB3aWR0aD0iMSIgaGVpZ2h0PSIxIiB4bWxucz0iaHR0cDovL3d3dy53My5vcmcvMjAwMC9zdmciPjwvc3ZnPg==",
116,POLTRONA DE PLÁSTICO ALTA - TURMALINA - LAR Plásticos – Qualidade que Transforma,https://www.larplasticos.com.br/produtos/moveis-plasticos/cadeiras-de-plastico/poltrona-de-plastico-alta-turmanlina/,https://i0.wp.com/www.larplasticos.com.br/wp-content/uploads/2020/08/poltrona-de-plastico-alta-turmalina.jpg?fit=480%2C480&ssl=1,imagens\poltrona-de-plastico-alta-turmalina.jpg
117,POLTRONA DE PLÁSTICO BAIXA - CORAL - LAR Plásticos – Qualidade que Transforma,https://www.larplasticos.com.br/produtos/moveis-plasticos/cadeiras-de-plastico/poltrona-de-plastico-baixa-coral/,https://i0.wp.com/www.larplasticos.com.br/wp-content/uploads/2020/08/poltrona-de-plastico-baixa-coral.jpg?fit=480%2C480&ssl=1,imagens\poltrona-de-plastico-baixa-coral.jpg
118,POLTRONA DE PLÁSTICO BAIXA - PÉROLA - LAR Plásticos – Qualidade que Transforma,https://www.larplasticos.com.br/produtos/moveis-plasticos/cadeiras-de-plastico/poltrona-de-plastico-baixa-perola/,https://i0.wp.com/www.larplasticos.com.br/wp-content/uploads/2020/08/poltrona-de-plastico-baixa-perola.jpg?fit=480%2C480&ssl=1,imagens\poltrona-de-plastico-baixa-perola.jpg
119,POLTRONA DE PLÁSTICO RECLINÁVEL - DIAMANTE - LAR Plásticos – Qualidade que Transforma,https://www.larplasticos.com.br/produtos/moveis-plasticos/cadeiras-de-plastico/poltrona-de-plastico-reclinavel-diamante/,https://i0.wp.com/www.larplasticos.com.br/wp-content/uploads/2020/08/poltrona-de-plastico-reclinavel-diamante-aberta.jpg?fit=480%2C480&ssl=1,imagens\poltrona-de-plastico-reclinavel-diamante-aberta.jpg
120,MESA DE PLÁSTICO DESMONTÁVEL – GALENA - LAR Plásticos – Qualidade que Transforma,https://www.larplasticos.com.br/produtos/moveis-plasticos/mesas-de-plastico/mesa-de-plastico-desmontavel-galena/,https://i0.wp.com/www.larplasticos.com.br/wp-content/uploads/2020/08/mesa-de-plastico-desmontavel-redonda-GALENA.jpg?fit=480%2C480&ssl=1,imagens\mesa-de-plastico-desmontavel-redonda-GALENA.jpg
121,MESA DE PLÁSTICO DESMONTÁVEL QUADRADA – QUARTZO - LAR Plásticos – Qualidade que Transforma,https://www.larplasticos.com.br/produtos/moveis-plasticos/mesas-de-plastico/mesa-de-plastico-desmontavel-quadrada-quartzo/,https://i0.wp.com/www.larplasticos.com.br/wp-content/uploads/2020/08/mesa-de-plastico-desmontavel-quadrada-quartzo.jpg?fit=480%2C480&ssl=1,imagens\mesa-de-plastico-desmontavel-quadrada-quartzo.jpg
122,MESA DE PLÁSTICO DESMONTÁVEL REDONDA – MARFIM - LAR Plásticos – Qualidade que Transforma,https://www.larplasticos.com.br/produtos/moveis-plasticos/mesas-de-plastico/mesa-de-plastico-desmontavel-redonda-marfim/,https://i0.wp.com/www.larplasticos.com.br/wp-content/uploads/2020/08/mesa-de-plastico-desmontavel-redonda-MARFIM.jpg?fit=480%2C480&ssl=1,imagens\mesa-de-plastico-desmontavel-redonda-MARFIM.jpg
123,MESA DE PLÁSTICO DESMONTÁVEL REDONDA – RUBI - LAR Plásticos – Qualidade que Transforma,https://www.larplasticos.com.br/produtos/moveis-plasticos/mesas-de-plastico/mesa-de-plastico-desmontavel-redonda-rubi/,https://i0.wp.com/www.larplasticos.com.br/wp-content/uploads/2020/08/mesa-de-plastico-desmontavel-redonda-RUBI.jpg?fit=480%2C480&ssl=1,imagens\mesa-de-plastico-desmontavel-redonda-RUBI.jpg
124,MESA DE PLÁSTICO MONOBLOCO QUADRADA - TOPÁZIO - LAR Plásticos – Qualidade que Transforma,https://www.larplasticos.com.br/produtos/moveis-plasticos/mesas-de-plastico/mesa-de-plastico-monobloco-quadrada-topazio/,https://i0.wp.com/www.larplasticos.com.br/wp-content/uploads/2020/08/mesa-de-plastico-monobloco-quadrada-topazio.jpg?fit=480%2C480&ssl=1,imagens\mesa-de-plastico-monobloco-quadrada-topazio.jpg
125,Eco Pallet de Plástico Vazado - Pallets LAR Plásticos,https://www.larplasticos.com.br/produtos/pallet-plastico/eco-pallet-plastico,https://i0.wp.com/www.larplasticos.com.br/wp-content/uploads/2017/08/EcoPallet-Vazado-1.png?fit=480%2C480&ssl=1,imagens\EcoPallet-Vazado-1.png
126,Euro Master Pallet de Plástico - LAR Plásticos. Durabilidade e Resistência.,https://www.larplasticos.com.br/produtos/pallet-plastico/euro-master-pallet-de-plastico,https://i0.wp.com/www.larplasticos.com.br/wp-content/uploads/2020/05/Euromaster-liso-preto-01.jpg?fit=1000%2C1000&ssl=1,imagens\Euromaster-liso-preto-01.jpg
127,Heavy Pallet de Plástico Vazado - Pallets LAR Plásticos,https://www.larplasticos.com.br/produtos/pallet-plastico/heavy-pallet-plastico,https://i0.wp.com/www.larplasticos.com.br/wp-content/uploads/2017/08/HeavyPallet-1.png?fit=496%2C496&ssl=1,imagens\HeavyPallet-1.png
128,Master Pallet de Plástico Com 4 Entradas e Abas - Liso | Lar Plásticos,https://www.larplasticos.com.br/produtos/pallet-plastico/master-pallet-de-plastico-com-4-entradas-e-abas-liso,https://i0.wp.com/www.larplasticos.com.br/wp-content/uploads/2021/07/Master-Pallet-Liso-4-Entradas-Abas.png?fit=1080%2C1080&ssl=1,imagens\Master-Pallet-Liso-4-Entradas-Abas.png
129,Master Pallet de Plástico Com 4 Entradas e Abas - Vazado | Lar Plásticos,https://www.larplasticos.com.br/produtos/pallet-plastico/master-pallet-de-plastico-com-4-entradas-e-abas-vazado,https://i0.wp.com/www.larplasticos.com.br/wp-content/uploads/2021/07/Master-Pallet-Vazado-4-Entradas-Abas.png?fit=1920%2C1920&ssl=1,imagens\Master-Pallet-Vazado-4-Entradas-Abas.png
130,MASTER PALLET DE PLÁSTICO COM 4 ENTRADAS LISO - LAR Plásticos – Qualidade que Transforma,https://www.larplasticos.com.br/produtos/pallet-plastico/master-pallet-de-plastico-com-4-entradas-liso,https://i0.wp.com/www.larplasticos.com.br/wp-content/uploads/2021/07/Master-Pallet-Liso-4-Entradas.png?fit=1080%2C1080&ssl=1,imagens\Master-Pallet-Liso-4-Entradas.png
131,Master Pallet de Plástico Com 4 Entradas - Lar Plásticos,https://www.larplasticos.com.br/produtos/pallet-plastico/master-pallet-de-plastico-com-4-entradas-vazado,https://i0.wp.com/www.larplasticos.com.br/wp-content/uploads/2021/07/Master-Pallet-Vazado-4-Entradas.png?fit=1920%2C1920&ssl=1,imagens\Master-Pallet-Vazado-4-Entradas.png
132,Master Pallet de Plástico Liso - LAR Plásticos. Resistência e Durabilidade,https://www.larplasticos.com.br/produtos/pallet-plastico/master-pallet-de-plastico-liso,https://i0.wp.com/www.larplasticos.com.br/wp-content/uploads/2019/02/Master-Pallet-Liso.png?fit=1080%2C1080&ssl=1,imagens\Master-Pallet-Liso.png
133,Master Pallet de Plástico Vazado LAR Plásticos. Resitência e Durabilidade,https://www.larplasticos.com.br/produtos/pallet-plastico/master-pallet-de-plastico-vazado,https://i0.wp.com/www.larplasticos.com.br/wp-content/uploads/2019/02/Master-Pallet-1000x1000-1.png?fit=1000%2C1000&ssl=1,imagens\Master-Pallet-1000x1000-1.png
134,Smart Pallet 1210-3 Vazado - Pallets LAR Plásticos,https://www.larplasticos.com.br/produtos/pallet-plastico/smart-pallet-1210-3,https://i0.wp.com/www.larplasticos.com.br/wp-content/uploads/2019/06/Smart-Pallet-1210-3-1.jpg?fit=480%2C480&ssl=1,imagens\Smart-Pallet-1210-3-1.jpg
135,Smart Pallet 1210-6 Vazado - LAR Plásticos. Resistência e durabilidade!,https://www.larplasticos.com.br/produtos/pallet-plastico/smart-pallet-1210-6,https://i0.wp.com/www.larplasticos.com.br/wp-content/uploads/2019/06/Smart-Pallet-1210-6-1.jpg?fit=480%2C480&ssl=1,imagens\Smart-Pallet-1210-6-1.jpg
136,SMART PALLET ECO 1210 VAZADO - LAR Plásticos – Qualidade que Transforma Pallets de Plástico,https://www.larplasticos.com.br/produtos/pallet-plastico/smart-pallet-eco-1210,https://i0.wp.com/www.larplasticos.com.br/wp-content/uploads/2019/06/Smart-Pallet-Eco-1210-Vazado.png?fit=1080%2C1080&ssl=1,imagens\Smart-Pallet-Eco-1210-Vazado.png
137,Smart Pallet Eco 1210 Liso - Pallets LAR Plásticos,https://www.larplasticos.com.br/produtos/pallet-plastico/smart-pallet-eco-liso-1210,https://i0.wp.com/www.larplasticos.com.br/wp-content/uploads/2019/06/smart-pallet-eco-liso-1210.jpg?fit=480%2C480&ssl=1,imagens\smart-pallet-eco-liso-1210.jpg
138,Smart Pallet 1210-3 Liso - LAR Plásticos. Resistência e Durabilidade,https://www.larplasticos.com.br/produtos/pallet-plastico/smart-pallet-liso-1210-3,https://i0.wp.com/www.larplasticos.com.br/wp-content/uploads/2019/06/Smart-Pallet-Liso-1210-1.jpg?fit=480%2C480&ssl=1,imagens\Smart-Pallet-Liso-1210-1.jpg
139,Smart Pallet 1210-6 Liso - LAR Plásticos - Resistência e Durabilidade,https://www.larplasticos.com.br/produtos/pallet-plastico/smart-pallet-liso-1210-6,https://i0.wp.com/www.larplasticos.com.br/wp-content/uploads/2019/06/Smart-Pallet-Liso-1210-6.jpg?fit=480%2C480&ssl=1,imagens\Smart-Pallet-Liso-1210-6.jpg
140,Soft Pallet de Plástico Com 4 Entradas - Lar Plásticos,https://www.larplasticos.com.br/produtos/pallet-plastico/soft-pallet-de-plastico-com-4-entradas-vazado,https://i0.wp.com/www.larplasticos.com.br/wp-content/uploads/2021/07/Soft-Pallet.png?fit=1080%2C1080&ssl=1,imagens\Soft-Pallet.png
141,Pallet de Contenção Para 1 Tambor 100 Litros Lar Plásticos,https://www.larplasticos.com.br/produtos/pallets-de-contencao/pallet-de-contencao-01-tambor-100L,https://i0.wp.com/www.larplasticos.com.br/wp-content/uploads/2017/08/Pallet-contencao-1-tambor-100L-Lar-Plasticos.jpg?fit=480%2C480&ssl=1,imagens\Pallet-contencao-1-tambor-100L-Lar-Plasticos.jpg
142,Pallet de Contenção 255 Litros Lar Plásticos,https://www.larplasticos.com.br/produtos/pallets-de-contencao/pallet-de-contencao-02-tambores-255L,https://i0.wp.com/www.larplasticos.com.br/wp-content/uploads/2017/08/Pallet-contencao-2-tambores-255L-Lar-Plasticos.jpg?fit=480%2C480&ssl=1,imagens\Pallet-contencao-2-tambores-255L-Lar-Plasticos.jpg
143,Pallet de Contenção Para 2 Tambores 75 Litros Lar Plásticos,https://www.larplasticos.com.br/produtos/pallets-de-contencao/pallet-de-contencao-02-tambores-75L,https://i0.wp.com/www.larplasticos.com.br/wp-content/uploads/2018/08/Pallet-de-Contencao-2-Tambores-75-Litros-Amarelo-Larplasticos.jpg?fit=480%2C480&ssl=1,imagens\Pallet-de-Contencao-2-Tambores-75-Litros-Amarelo-Larplasticos.jpg
144,Pallet de Contenção 150 Litros Lar Plásticos,https://www.larplasticos.com.br/produtos/pallets-de-contencao/pallet-de-contencao-04-tambores-150L,https://i0.wp.com/www.larplasticos.com.br/wp-content/uploads/2018/04/pallet-de-contencao-150-litros-baixo-perfil.png?fit=480%2C480&ssl=1,imagens\pallet-de-contencao-150-litros-baixo-perfil.png
145,Pallet de Contenção 420 Litros Lar Plásticos,https://www.larplasticos.com.br/produtos/pallets-de-contencao/pallet-de-contencao-04-tambores-420L,https://i0.wp.com/www.larplasticos.com.br/wp-content/uploads/2017/08/Pallet-contencao-4-tambores-450L-Lar-Plasticos.jpg?fit=480%2C480&ssl=1,imagens\Pallet-contencao-4-tambores-450L-Lar-Plasticos.jpg
146,Pallet de Contenção IBC 1000 Litros Lar Plásticos,https://www.larplasticos.com.br/produtos/pallets-de-contencao/pallet-de-contencao-ibc-4-tambores-1000l,https://i0.wp.com/www.larplasticos.com.br/wp-content/uploads/2019/07/Pallet-de-Contencao-IBC-4-Tambores-1000-Litros.png?fit=1000%2C1000&ssl=1,imagens\Pallet-de-Contencao-IBC-4-Tambores-1000-Litros.png
147,3 Papeleiras para Coleta Seletiva 50L - Conjunto para Coleta Seletiva,https://www.larplasticos.com.br/produtos/papeleira-para-coleta-seletiva-50L/3-lixeiras-para-coleta-seletiva-50-litros,https://i0.wp.com/www.larplasticos.com.br/wp-content/uploads/2017/08/3.png?fit=1000%2C1000&ssl=1,imagens\3.png
148,4 PAPELEIRAS PARA COLETA SELETIVA 50L - KIT,https://www.larplasticos.com.br/produtos/papeleira-para-coleta-seletiva-50L/4-lixeiras-para-coleta-seletiva-50-litros,https://i0.wp.com/www.larplasticos.com.br/wp-content/uploads/2017/08/4.png?fit=1000%2C1000&ssl=1,imagens\4.png
149,5 Papeleiras para Coleta Seletiva 50L - Kit para Coleta Seletiva,https://www.larplasticos.com.br/produtos/papeleira-para-coleta-seletiva-50L/5-lixeiras-para-coleta-seletiva-50-litros,https://i0.wp.com/www.larplasticos.com.br/wp-content/uploads/2017/08/5.png?fit=1000%2C1000&ssl=1,imagens\5.png
150,6 Papeleiras para Coleta Seletiva 50L - Kit para coleta seletiva,https://www.larplasticos.com.br/produtos/papeleira-para-coleta-seletiva-50L/6-lixeiras-para-coleta-seletiva-50-litros,https://i0.wp.com/www.larplasticos.com.br/wp-content/uploads/2017/08/6.png?fit=1000%2C1000&ssl=1,imagens\6.png
151,PISOS E ESTRADOS DE PLÁSTICO 40cm X 40cm,https://www.larplasticos.com.br/produtos/pisos-e-estrados-de-plastico/estrado-plastico-lar-40x40,https://i0.wp.com/www.larplasticos.com.br/wp-content/uploads/2017/08/Estrado-40x40-1.png?fit=1000%2C1000&ssl=1,imagens\Estrado-40x40-1.png
152,ESTRADOS DE PLÁSTICO COM PROLONGADOR 40cm X 40cm,https://www.larplasticos.com.br/produtos/pisos-e-estrados-de-plastico/estrado-plastico-lar-40x40-com-prolongador,https://i0.wp.com/www.larplasticos.com.br/wp-content/uploads/2017/12/estrados-de-plastico-com-prolongador-40x40cm-4.jpg?fit=480%2C480&ssl=1,imagens\estrados-de-plastico-com-prolongador-40x40cm-4.jpg
153,Estrados de Plástico 50cm x 50cm,https://www.larplasticos.com.br/produtos/pisos-e-estrados-de-plastico/estrado-plastico-lar-50x50,https://i0.wp.com/www.larplasticos.com.br/wp-content/uploads/2017/08/Estrado-50x50-02.png?fit=1000%2C1000&ssl=1,imagens\Estrado-50x50-02.png
154,Estrados de Plástico 41cm x 82cm com prolongador,https://www.larplasticos.com.br/produtos/pisos-e-estrados-de-plastico/estrados-de-plastico-com-prolongador-41cm-x-82cm/,https://i0.wp.com/www.larplasticos.com.br/wp-content/uploads/2019/07/Estrado-de-Plastico-Com-Prolongador-41x82cm.jpg?fit=480%2C480&ssl=1,imagens\Estrado-de-Plastico-Com-Prolongador-41x82cm.jpg
155,Pisos de Plásticos 50cm x 25cm,https://www.larplasticos.com.br/produtos/pisos-e-estrados-de-plastico/piso-plastico-lar-50x25,https://i0.wp.com/www.larplasticos.com.br/wp-content/uploads/2017/09/Piso-50x25-1.png?fit=1000%2C1000&ssl=1,imagens\Piso-50x25-1.png
156,PISOS DE PLÁSTICOS 50cm X 50cm,https://www.larplasticos.com.br/produtos/pisos-e-estrados-de-plastico/piso-plastico-lar-50x50,https://i0.wp.com/www.larplasticos.com.br/wp-content/uploads/2017/09/Piso-50x50cm-1.png?fit=480%2C480&ssl=1,imagens\Piso-50x50cm-1.png
157,CAIXA PALLET BIN FECHADA - LAR Plásticos – Qualidade que Transforma,https://www.larplasticos.com.br/produtos/produtos/caixa-pallet-bin-fechada,https://i0.wp.com/www.larplasticos.com.br/wp-content/uploads/2024/09/Caixa-Bin-570L-Branco04.png?fit=1000%2C1000&ssl=1,imagens\Caixa-Bin-570L-Branco04.png
158,Cestos de Lixo - Lar Plásticos I Qualidade que Transforma,https://www.larplasticos.com.br/produtos/produtos/cestos-de-lixo/,"data:image/svg+xml;base64,PHN2ZyB3aWR0aD0iMSIgaGVpZ2h0PSIxIiB4bWxucz0iaHR0cDovL3d3dy53My5vcmcvMjAwMC9zdmciPjwvc3ZnPg==",
159,2 LIXEIRAS PARA COLETA SELETIVA 100 LITROS - KIT COM 2 LIXEIRAS,https://www.larplasticos.com.br/produtos/todos-os-produtos-lar-plasticos/todos-os-produtos-lar-plasticos/2-lixeiras-para-coleta-seletiva-100-litros-copy/,https://i0.wp.com/www.larplasticos.com.br/wp-content/uploads/2024/04/Kit-Coleta-Seletiva-Basc-100L-Inj-2unidades.png?fit=1080%2C1080&ssl=1,imagens\Kit-Coleta-Seletiva-Basc-100L-Inj-2unidades.png
160,2 LIXEIRAS PARA COLETA SELETIVA 60 LITROS - KIT COM 2 LIXEIRAS,https://www.larplasticos.com.br/produtos/todos-os-produtos-lar-plasticos/todos-os-produtos-lar-plasticos/2-lixeiras-para-coleta-seletiva-60-litros/,https://i0.wp.com/www.larplasticos.com.br/wp-content/uploads/2017/09/Kits-02.png?fit=1000%2C1000&ssl=1,imagens\Kits-02.png
161,3 LIXEIRAS PARA COLETA SELETIVA 100 LITROS - KIT COM 3 LIXEIRAS,https://www.larplasticos.com.br/produtos/todos-os-produtos-lar-plasticos/todos-os-produtos-lar-plasticos/3-lixeiras-para-coleta-seletiva-100-litros/,https://i0.wp.com/www.larplasticos.com.br/wp-content/uploads/2024/04/Kit-Coleta-Seletiva-Basc-100L-Inj-3unidades.png?fit=1080%2C1080&ssl=1,imagens\Kit-Coleta-Seletiva-Basc-100L-Inj-3unidades.png
162,4 LIXEIRAS PARA COLETA SELETIVA 100 LITROS - KIT COM 4 LIXEIRAS,https://www.larplasticos.com.br/produtos/todos-os-produtos-lar-plasticos/todos-os-produtos-lar-plasticos/4-lixeiras-para-coleta-seletiva-100-litros-copy/,https://i0.wp.com/www.larplasticos.com.br/wp-content/uploads/2024/04/Kit-Coleta-Seletiva-Basc-100L-Inj-4unidades-02.png?fit=1080%2C1080&ssl=1,imagens\Kit-Coleta-Seletiva-Basc-100L-Inj-4unidades-02.png
163,CAIXA R-KLT 4329 - LAR Plásticos – Qualidade que Transforma,https://www.larplasticos.com.br/produtos/todos-os-produtos-lar-plasticos/todos-os-produtos-lar-plasticos/caixa-industrial-r-klt-4329/,https://i0.wp.com/www.larplasticos.com.br/wp-content/uploads/2020/07/R-KLT-4329-Fundo-Lego-Azul-6.png?fit=1000%2C1000&ssl=1,imagens\R-KLT-4329-Fundo-Lego-Azul-6.png
164,CARRO CUBA 430 LITROS - COM ESTRUTURA METÁLICA,https://www.larplasticos.com.br/produtos/todos-produtos/carro-cuba-430-litros-com-estrutura-metalica/,https://i0.wp.com/www.larplasticos.com.br/wp-content/uploads/2019/09/430L-C-Estrutura-e-Sem-tampa-BRANCO-04-1.png?fit=1000%2C1000&ssl=1,imagens\430L-C-Estrutura-e-Sem-tampa-BRANCO-04-1.png
165,Carro Alto Transporte Com Caixa Plástica Fechada 180 L - LAR Plásticos,https://www.larplasticos.com.br/produtos/todos-produtos/todos-produtos/carro-alto-transporte-com-caixa-plastica-fechada-180l/,https://i0.wp.com/www.larplasticos.com.br/wp-content/uploads/2018/02/Carro-Alto-Caixa-Organizadora-180L.png?fit=1000%2C1000&ssl=1,imagens\Carro-Alto-Caixa-Organizadora-180L.png
166,VASO DE POLIETILENO CÔNICO GRAFIATO 40 - LAR Plásticos – Qualidade que Transforma,https://www.larplasticos.com.br/produtos/vasos-de-polietileno/vaso-de-poletileno-conico-grafiato-40/,https://i0.wp.com/www.larplasticos.com.br/wp-content/uploads/2020/08/conico-grafiato-40-areia.jpg?fit=480%2C480&ssl=1,imagens\conico-grafiato-40-areia.jpg
167,VASO DE POLIETILENO CÔNICO GRAFIATO 47 - LAR Plásticos – Qualidade que Transforma,https://www.larplasticos.com.br/produtos/vasos-de-polietileno/vaso-de-polietileno-conico-grafiato-47/,https://i0.wp.com/www.larplasticos.com.br/wp-content/uploads/2020/08/conico-grafiato-47-areia.jpg?fit=480%2C480&ssl=1,imagens\conico-grafiato-47-areia.jpg
168,VASO DE POLIETILENO CÔNICO GRAFIATO 57 - LAR Plásticos – Qualidade que Transforma,https://www.larplasticos.com.br/produtos/vasos-de-polietileno/vaso-de-polietileno-conico-grafiato-57/,https://i0.wp.com/www.larplasticos.com.br/wp-content/uploads/2020/08/Conico-grafiato-bege.jpg?fit=480%2C480&ssl=1,imagens\Conico-grafiato-bege.jpg
169,VASO DE POLIETILENO CÔNICO GRAFIATO 58 - LAR Plásticos – Qualidade que Transforma,https://www.larplasticos.com.br/produtos/vasos-de-polietileno/vaso-de-polietileno-conico-grafiato-58/,https://i0.wp.com/www.larplasticos.com.br/wp-content/uploads/2020/08/conico-grafiato-58-preto.jpg?fit=480%2C480&ssl=1,imagens\conico-grafiato-58-preto.jpg
170,VASO DE POLIETILENO CÔNICO GRAFIATO 75 - LAR Plásticos – Qualidade que Transforma,https://www.larplasticos.com.br/produtos/vasos-de-polietileno/vaso-de-polietileno-conico-grafiato-75/,https://i0.wp.com/www.larplasticos.com.br/wp-content/uploads/2020/08/conico-75-areia.jpg?fit=480%2C480&ssl=1,imagens\conico-75-areia.jpg
171,VASO DE POLIETILENO CÔNICO TIJOLINHO 47 - LAR Plásticos – Qualidade que Transforma,https://www.larplasticos.com.br/produtos/vasos-de-polietileno/vaso-de-polietileno-conico-tijolinho-47/,https://i0.wp.com/www.larplasticos.com.br/wp-content/uploads/2020/08/conico-tijolinho-47-preto.jpg?fit=480%2C480&ssl=1,imagens\conico-tijolinho-47-preto.jpg
172,VASO DE POLIETILENO CÔNICO TIJOLINHO 83 - LAR Plásticos – Qualidade que Transforma,https://www.larplasticos.com.br/produtos/vasos-de-polietileno/vaso-de-polietileno-conico-tijolinho-83/,https://i0.wp.com/www.larplasticos.com.br/wp-content/uploads/2020/08/vaso-tijolinho-83-preto.jpg?fit=480%2C480&ssl=1,imagens\vaso-tijolinho-83-preto.jpg
173,VASO DE POLIETILENO ESFERA GRAFIATO 38 - LAR Plásticos – Qualidade que Transforma,https://www.larplasticos.com.br/produtos/vasos-de-polietileno/vaso-de-polietileno-esfera-grafiato-38/,"data:image/svg+xml;base64,PHN2ZyB3aWR0aD0iMSIgaGVpZ2h0PSIxIiB4bWxucz0iaHR0cDovL3d3dy53My5vcmcvMjAwMC9zdmciPjwvc3ZnPg==",
174,VASO DE POLIETILENO FLOREIRA LINES 80X30 - LAR Plásticos – Qualidade que Transforma,https://www.larplasticos.com.br/produtos/vasos-de-polietileno/vaso-de-polietileno-floreira-lines-80x30/,https://i0.wp.com/www.larplasticos.com.br/wp-content/uploads/2020/08/Floreira-80x30-areia-2.jpg?fit=480%2C480&ssl=1,imagens\Floreira-80x30-areia-2.jpg
175,VASO DE POLIETILENO PILÃO GRAFIATO 38 - LAR Plásticos – Qualidade que Transforma,https://www.larplasticos.com.br/produtos/vasos-de-polietileno/vaso-de-polietileno-pilao-grafiato-38/,https://i0.wp.com/www.larplasticos.com.br/wp-content/uploads/2020/08/VASO-PILAO-GRAFIATO-38-CINZA-UBL.jpg?fit=1000%2C1000&ssl=1,imagens\VASO-PILAO-GRAFIATO-38-CINZA-UBL.jpg
176,VASO DE POLIETILENO PILÃO GRAFIATO 50 - LAR Plásticos – Qualidade que Transforma,https://www.larplasticos.com.br/produtos/vasos-de-polietileno/vaso-de-polietileno-pilao-grafiato-50/,https://i0.wp.com/www.larplasticos.com.br/wp-content/uploads/2020/08/VASO-PILAO-GRAFIATO-50-PRETO-UBL.jpg?fit=1000%2C1000&ssl=1,imagens\VASO-PILAO-GRAFIATO-50-PRETO-UBL.jpg
177,VASO DE POLIETILENO TRAPÉZIO 56 - LAR Plásticos – Qualidade que Transforma,https://www.larplasticos.com.br/produtos/vasos-de-polietileno/vaso-de-polietileno-trapezio-56/,https://i0.wp.com/www.larplasticos.com.br/wp-content/uploads/2020/08/trapezio-grafiato-56-preto.jpg?fit=480%2C480&ssl=1,imagens\trapezio-grafiato-56-preto.jpg
178,VASO DE POLIETILENO TRAPÉZIO GRAFIATO 30 - LAR Plásticos – Qualidade que Transforma,https://www.larplasticos.com.br/produtos/vasos-de-polietileno/vaso-de-polietileno-trapezio-grafiato-30/,https://i0.wp.com/www.larplasticos.com.br/wp-content/uploads/2020/08/trapezio-grafiato-30-cafe.jpg?fit=480%2C480&ssl=1,imagens\trapezio-grafiato-30-cafe.jpg
179,VASO DE POLIETILENO TRAPÉZIO GRAFIATO 75 - LAR Plásticos – Qualidade que Transforma,https://www.larplasticos.com.br/produtos/vasos-de-polietileno/vaso-de-polietileno-trapezio-grafiato-75/,https://i0.wp.com/www.larplasticos.com.br/wp-content/uploads/2020/08/trapezio-grafiato-75-areia.jpg?fit=480%2C480&ssl=1,imagens\trapezio-grafiato-75-areia.jpg
180,"SMART PISO 1210 1,0m x 1,2m",https://www.larplasticos.com.br/todos-produtos/produtos/pisos-e-estrados-de-plastico/smart-piso-1210,https://i0.wp.com/www.larplasticos.com.br/wp-content/uploads/2019/06/smart-piso-1210.jpg?fit=480%2C480&ssl=1,imagens\smart-piso-1210.jpg
181,"SMART PISO LISO 1210 1,0m x 1,2m",https://www.larplasticos.com.br/todos-produtos/produtos/pisos-e-estrados-de-plastico/smart-piso-liso-1210,https://i0.wp.com/www.larplasticos.com.br/wp-content/uploads/2019/06/smart-piso-liso-1210-1.jpg?fit=480%2C480&ssl=1,imagens\smart-piso-liso-1210-1.jpg
